{
  "resourceType": "Observation",
  "id": "FVC-POST-mLChange",
  "text": {
    "status": "generated",
    "div": "<div xmlns=\"http://www.w3.org/1999/xhtml\"><p><b>Generated Narrative</b></p><p></p><p><b>code</b>: <span title=\"Codes: \">FVC POST change (mL)</span></p><p><b>value</b>: 600 mL</p><p><b>derivedFrom</b>: </p><ul><li><a href=\"Observation-FVC-PRE.html\">Test quality: AGenerated Summary: <span title=\"Codes: {http://terminology.hl7.org/CodeSystem/observation-category procedure}\">Procedure</span>; <span title=\"Codes: {http://loinc.org 19876-2}\">Forced vital capacity [Volume] Respiratory system by Spirometry --pre bronchodilation</span>; effective: Feb. 7, 2015, 1:28:17 p.m.; 3.9 L</a></li><li><a href=\"Observation-FVC-POST.html\">Generated Summary: <span title=\"Codes: {http://loinc.org 19874-7}\">Forced vital capacity [Volume] Respiratory system by Spirometry --post bronchodilation</span>; 4.7 L</a></li></ul></div>"
  },
  "status": "final",
  "code": {
    "text": "FVC POST change (mL)"
  },
  "valueQuantity": {
    "value": 600,
    "unit": "mL",
    "system": "http://unitsofmeasure.org",
    "code": "mL"
  },
  "derivedFrom": [
    {
      "reference": "Observation/FVC-PRE"
    },
    {
      "reference": "Observation/FVC-POST"
    }
  ]
}