{
  "resourceType": "ImplementationGuide",
  "id": "pft",
  "text": {
    "status": "extensions",
    "div": "<div xmlns=\"http://www.w3.org/1999/xhtml\"><h2>PulmonaryFunctionTestIG</h2><p>The official URL for this implementation guide is: </p><pre>https://automatemedical.com/fhir/pulmonary-function-test/ImplementationGuide/pft</pre></div>"
  },
  "url": "https://automatemedical.com/fhir/pulmonary-function-test/ImplementationGuide/pft",
  "version": "0.1.0",
  "name": "PulmonaryFunctionTestIG",
  "title": "Pulmonary Function Testing: An Interoperability on FHIR Implementation Guide",
  "status": "draft",
  "date": "2021-07-06T12:57:12-04:00",
  "publisher": "Automate Medical",
  "contact": [
    {
      "name": "Automate Medical",
      "telecom": [
        {
          "system": "url",
          "value": "https://www.automatemedical.com/"
        },
        {
          "system": "email",
          "value": "josh@automatemedical.com"
        }
      ]
    }
  ],
  "packageId": "pft",
  "license": "Apache-2.0",
  "fhirVersion": [
    "4.0.1"
  ],
  "definition": {
    "extension": [
      {
        "extension": [
          {
            "url": "code",
            "valueString": "copyrightyear"
          },
          {
            "url": "value",
            "valueString": "2021+"
          }
        ],
        "url": "http://hl7.org/fhir/tools/StructureDefinition/ig-parameter"
      },
      {
        "extension": [
          {
            "url": "code",
            "valueString": "releaselabel"
          },
          {
            "url": "value",
            "valueString": "ci-build"
          }
        ],
        "url": "http://hl7.org/fhir/tools/StructureDefinition/ig-parameter"
      },
      {
        "extension": [
          {
            "url": "code",
            "valueString": "path-liquid"
          },
          {
            "url": "value",
            "valueString": "template/liquid"
          }
        ],
        "url": "http://hl7.org/fhir/tools/StructureDefinition/ig-parameter"
      },
      {
        "extension": [
          {
            "url": "code",
            "valueString": "path-liquid"
          },
          {
            "url": "value",
            "valueString": "input/liquid"
          }
        ],
        "url": "http://hl7.org/fhir/tools/StructureDefinition/ig-parameter"
      },
      {
        "extension": [
          {
            "url": "code",
            "valueString": "path-qa"
          },
          {
            "url": "value",
            "valueString": "temp/qa"
          }
        ],
        "url": "http://hl7.org/fhir/tools/StructureDefinition/ig-parameter"
      },
      {
        "extension": [
          {
            "url": "code",
            "valueString": "path-temp"
          },
          {
            "url": "value",
            "valueString": "temp/pages"
          }
        ],
        "url": "http://hl7.org/fhir/tools/StructureDefinition/ig-parameter"
      },
      {
        "extension": [
          {
            "url": "code",
            "valueString": "path-output"
          },
          {
            "url": "value",
            "valueString": "output"
          }
        ],
        "url": "http://hl7.org/fhir/tools/StructureDefinition/ig-parameter"
      },
      {
        "extension": [
          {
            "url": "code",
            "valueString": "path-suppressed-warnings"
          },
          {
            "url": "value",
            "valueString": "input/ignoreWarnings.txt"
          }
        ],
        "url": "http://hl7.org/fhir/tools/StructureDefinition/ig-parameter"
      },
      {
        "extension": [
          {
            "url": "code",
            "valueString": "path-history"
          },
          {
            "url": "value",
            "valueString": "https://automatemedical.com/fhir/pulmonary-function-test/history.html"
          }
        ],
        "url": "http://hl7.org/fhir/tools/StructureDefinition/ig-parameter"
      },
      {
        "extension": [
          {
            "url": "code",
            "valueString": "template-html"
          },
          {
            "url": "value",
            "valueString": "template-page.html"
          }
        ],
        "url": "http://hl7.org/fhir/tools/StructureDefinition/ig-parameter"
      },
      {
        "extension": [
          {
            "url": "code",
            "valueString": "template-md"
          },
          {
            "url": "value",
            "valueString": "template-page-md.html"
          }
        ],
        "url": "http://hl7.org/fhir/tools/StructureDefinition/ig-parameter"
      },
      {
        "extension": [
          {
            "url": "code",
            "valueString": "apply-contact"
          },
          {
            "url": "value",
            "valueString": "true"
          }
        ],
        "url": "http://hl7.org/fhir/tools/StructureDefinition/ig-parameter"
      },
      {
        "extension": [
          {
            "url": "code",
            "valueString": "apply-context"
          },
          {
            "url": "value",
            "valueString": "true"
          }
        ],
        "url": "http://hl7.org/fhir/tools/StructureDefinition/ig-parameter"
      },
      {
        "extension": [
          {
            "url": "code",
            "valueString": "apply-copyright"
          },
          {
            "url": "value",
            "valueString": "true"
          }
        ],
        "url": "http://hl7.org/fhir/tools/StructureDefinition/ig-parameter"
      },
      {
        "extension": [
          {
            "url": "code",
            "valueString": "apply-jurisdiction"
          },
          {
            "url": "value",
            "valueString": "true"
          }
        ],
        "url": "http://hl7.org/fhir/tools/StructureDefinition/ig-parameter"
      },
      {
        "extension": [
          {
            "url": "code",
            "valueString": "apply-license"
          },
          {
            "url": "value",
            "valueString": "true"
          }
        ],
        "url": "http://hl7.org/fhir/tools/StructureDefinition/ig-parameter"
      },
      {
        "extension": [
          {
            "url": "code",
            "valueString": "apply-publisher"
          },
          {
            "url": "value",
            "valueString": "true"
          }
        ],
        "url": "http://hl7.org/fhir/tools/StructureDefinition/ig-parameter"
      },
      {
        "extension": [
          {
            "url": "code",
            "valueString": "apply-version"
          },
          {
            "url": "value",
            "valueString": "true"
          }
        ],
        "url": "http://hl7.org/fhir/tools/StructureDefinition/ig-parameter"
      },
      {
        "extension": [
          {
            "url": "code",
            "valueString": "active-tables"
          },
          {
            "url": "value",
            "valueString": "true"
          }
        ],
        "url": "http://hl7.org/fhir/tools/StructureDefinition/ig-parameter"
      }
    ],
    "resource": [
      {
        "extension": [
          {
            "url": "http://hl7.org/fhir/tools/StructureDefinition/resource-information",
            "valueString": "StructureDefinition:resource"
          }
        ],
        "reference": {
          "reference": "StructureDefinition/AlveolarVolume"
        },
        "name": "Alveolar Volume (VA)",
        "description": "A measurement of alveolar volume, in liters.",
        "exampleBoolean": false
      },
      {
        "extension": [
          {
            "url": "http://hl7.org/fhir/tools/StructureDefinition/resource-information",
            "valueString": "StructureDefinition:resource"
          }
        ],
        "reference": {
          "reference": "StructureDefinition/AlveolarVolume-PercentOfPredicted"
        },
        "name": "Alveolar Volume (VA) Percent Of Predicted",
        "description": "An alveolar volume measurement as the percentage of some predicted reference value.",
        "exampleBoolean": false
      },
      {
        "extension": [
          {
            "url": "http://hl7.org/fhir/tools/StructureDefinition/resource-information",
            "valueString": "StructureDefinition:resource"
          }
        ],
        "reference": {
          "reference": "StructureDefinition/AlveolarVolume-Zscore"
        },
        "name": "Alveolar Volume (VA) Zscore",
        "description": "The z-score of an alveolar volume measurement, calculated from some reference distribution.",
        "exampleBoolean": false
      },
      {
        "extension": [
          {
            "url": "http://hl7.org/fhir/tools/StructureDefinition/resource-information",
            "valueString": "StructureDefinition:resource"
          }
        ],
        "reference": {
          "reference": "StructureDefinition/DLCO"
        },
        "name": "Diffusion Capacity Of Lung For Carbon Monoxide (DLCO)",
        "description": "Diffusion capacity of lung for carbon monoxide.",
        "exampleBoolean": false
      },
      {
        "extension": [
          {
            "url": "http://hl7.org/fhir/tools/StructureDefinition/resource-information",
            "valueString": "StructureDefinition:resource"
          }
        ],
        "reference": {
          "reference": "StructureDefinition/DLCOAdjustedForHemoglobin"
        },
        "name": "Diffusion Capacity Of Lung For Carbon Monoxide (DLCO) Adjusted For Hemoglobin (Hb)",
        "description": "Diffusion capacity of lung for carbon monoxide, adjusted for hemoglobin.",
        "exampleBoolean": false
      },
      {
        "extension": [
          {
            "url": "http://hl7.org/fhir/tools/StructureDefinition/resource-information",
            "valueString": "StructureDefinition:resource"
          }
        ],
        "reference": {
          "reference": "StructureDefinition/DLCOAdjustedForHemoglobin-PercentOfPredicted"
        },
        "name": "Diffusion Capacity Of Lung For Carbon Monoxide (DLCO) Adjusted For Hemoglobin (Hb) Percent Of Predicted",
        "description": "Diffusion capacity of lung for carbon monoxide, adjusted for hemoglobin (% of predicted).",
        "exampleBoolean": false
      },
      {
        "extension": [
          {
            "url": "http://hl7.org/fhir/tools/StructureDefinition/resource-information",
            "valueString": "StructureDefinition:resource"
          }
        ],
        "reference": {
          "reference": "StructureDefinition/DLCOAtStandardBarometricPressure"
        },
        "name": "Diffusion Capacity Of Lung For Carbon Monoxide (DLCO) At Standard Barometric Pressure (PB)",
        "description": "Diffusion capacity of lung for carbon monoxide at standard barometric pressure.",
        "exampleBoolean": false
      },
      {
        "extension": [
          {
            "url": "http://hl7.org/fhir/tools/StructureDefinition/resource-information",
            "valueString": "StructureDefinition:resource"
          }
        ],
        "reference": {
          "reference": "StructureDefinition/DLCOAtStandardBarometricPressure-PercentOfPredicted"
        },
        "name": "Diffusion Capacity Of Lung For Carbon Monoxide (DLCO) At Standard Barometric Pressure (PB) Percent Of Predicted",
        "description": "Diffusion capacity of lung for carbon monoxide at standard barometric pressure (% of predicted).",
        "exampleBoolean": false
      },
      {
        "extension": [
          {
            "url": "http://hl7.org/fhir/tools/StructureDefinition/resource-information",
            "valueString": "StructureDefinition:resource"
          }
        ],
        "reference": {
          "reference": "StructureDefinition/DLCOAtStandardBarometricPressure-Zscore"
        },
        "name": "Diffusion Capacity Of Lung For Carbon Monoxide (DLCO) At Standard Barometric Pressure (PB) Zscore",
        "description": "Diffusion capacity of lung for carbon monoxide at standard barometric pressure (z-score).",
        "exampleBoolean": false
      },
      {
        "extension": [
          {
            "url": "http://hl7.org/fhir/tools/StructureDefinition/resource-information",
            "valueString": "StructureDefinition:resource"
          }
        ],
        "reference": {
          "reference": "StructureDefinition/FEV1-over-FVC"
        },
        "name": "FEV1/FVC",
        "description": "FEV1/FVC",
        "exampleBoolean": false
      },
      {
        "extension": [
          {
            "url": "http://hl7.org/fhir/tools/StructureDefinition/resource-information",
            "valueString": "StructureDefinition:resource"
          }
        ],
        "reference": {
          "reference": "StructureDefinition/FEV1-over-FVC-PostBronchodilator"
        },
        "name": "FEV1/FVC Post-bronchodilator",
        "description": "FEV1/FVC post-bronchodilator",
        "exampleBoolean": false
      },
      {
        "extension": [
          {
            "url": "http://hl7.org/fhir/tools/StructureDefinition/resource-information",
            "valueString": "StructureDefinition:resource"
          }
        ],
        "reference": {
          "reference": "StructureDefinition/FEV1-over-FVC-PostBronchodilator-Zscore"
        },
        "name": "FEV1/FVC Post-bronchodilator Zscore",
        "description": "FEV1/FVC (z-score) post-bronchodilator",
        "exampleBoolean": false
      },
      {
        "extension": [
          {
            "url": "http://hl7.org/fhir/tools/StructureDefinition/resource-information",
            "valueString": "StructureDefinition:resource"
          }
        ],
        "reference": {
          "reference": "StructureDefinition/FEV1-over-FVC-PreBronchodilator"
        },
        "name": "FEV1/FVC Pre-bronchodilator",
        "description": "FEV1/FVC pre-bronchodilator",
        "exampleBoolean": false
      },
      {
        "extension": [
          {
            "url": "http://hl7.org/fhir/tools/StructureDefinition/resource-information",
            "valueString": "StructureDefinition:resource"
          }
        ],
        "reference": {
          "reference": "StructureDefinition/FEV1-over-FVC-PreBronchodilator-Zscore"
        },
        "name": "FEV1/FVC Pre-bronchodilator Zscore",
        "description": "FEV1/FVC (z-score) pre-bronchodilator",
        "exampleBoolean": false
      },
      {
        "extension": [
          {
            "url": "http://hl7.org/fhir/tools/StructureDefinition/resource-information",
            "valueString": "StructureDefinition:resource"
          }
        ],
        "reference": {
          "reference": "StructureDefinition/FEV1-over-FVC-Zscore"
        },
        "name": "FEV1/FVC Zscore",
        "description": "FEV1/FVC (z-score)",
        "exampleBoolean": false
      },
      {
        "extension": [
          {
            "url": "http://hl7.org/fhir/tools/StructureDefinition/resource-information",
            "valueString": "StructureDefinition:resource"
          }
        ],
        "reference": {
          "reference": "StructureDefinition/ForcedExpiratoryTime"
        },
        "name": "Forced Expiratory Time (FET)",
        "description": "Forced expiratory time (seconds)",
        "exampleBoolean": false
      },
      {
        "extension": [
          {
            "url": "http://hl7.org/fhir/tools/StructureDefinition/resource-information",
            "valueString": "StructureDefinition:resource"
          }
        ],
        "reference": {
          "reference": "StructureDefinition/ForcedExpiratoryTime-PostBronchodilator"
        },
        "name": "Forced Expiratory Time (FET) Post-bronchodilator",
        "description": "Forced expiratory time (seconds) post-bronchodilator",
        "exampleBoolean": false
      },
      {
        "extension": [
          {
            "url": "http://hl7.org/fhir/tools/StructureDefinition/resource-information",
            "valueString": "StructureDefinition:resource"
          }
        ],
        "reference": {
          "reference": "StructureDefinition/ForcedExpiratoryTime-PreBronchodilator"
        },
        "name": "Forced Expiratory Time (FET) Pre-bronchodilator",
        "description": "Forced expiratory time (seconds) pre-bronchodilator",
        "exampleBoolean": false
      },
      {
        "extension": [
          {
            "url": "http://hl7.org/fhir/tools/StructureDefinition/resource-information",
            "valueString": "StructureDefinition:resource"
          }
        ],
        "reference": {
          "reference": "StructureDefinition/ForcedExpiratoryVolume1Sec"
        },
        "name": "Forced Expiratory Volume In 1 Second (FEV1)",
        "description": "Forced expiratory volume in 1 second",
        "exampleBoolean": false
      },
      {
        "extension": [
          {
            "url": "http://hl7.org/fhir/tools/StructureDefinition/resource-information",
            "valueString": "StructureDefinition:resource"
          }
        ],
        "reference": {
          "reference": "StructureDefinition/ForcedExpiratoryVolume1SecPostbronchodilator"
        },
        "name": "Forced Expiratory Volume In 1 Second (FEV1) Post-bronchodilator",
        "description": "Forced expiratory volume in 1 second (liters) post-bronchodilator",
        "exampleBoolean": false
      },
      {
        "extension": [
          {
            "url": "http://hl7.org/fhir/tools/StructureDefinition/resource-information",
            "valueString": "StructureDefinition:resource"
          }
        ],
        "reference": {
          "reference": "StructureDefinition/ForcedExpiratoryVolume1SecPostbronchodilator-PercentChange"
        },
        "name": "Forced Expiratory Volume In 1 Second (FEV1) Post-bronchodilator Percent Change",
        "description": "Forced expiratory volume in one second, percent change from pre-bronchodilator to post-bronchodilator",
        "exampleBoolean": false
      },
      {
        "extension": [
          {
            "url": "http://hl7.org/fhir/tools/StructureDefinition/resource-information",
            "valueString": "StructureDefinition:resource"
          }
        ],
        "reference": {
          "reference": "StructureDefinition/ForcedExpiratoryVolume1SecPostbronchodilator-PercentOfPredicted"
        },
        "name": "Forced Expiratory Volume In 1 Second (FEV1) Post-bronchodilator Percent Of Predicted",
        "description": "Forced expiratory volume in 1 second (% pred) post-bronchodilator",
        "exampleBoolean": false
      },
      {
        "extension": [
          {
            "url": "http://hl7.org/fhir/tools/StructureDefinition/resource-information",
            "valueString": "StructureDefinition:resource"
          }
        ],
        "reference": {
          "reference": "StructureDefinition/ForcedExpiratoryVolume1SecPostbronchodilator-Zscore"
        },
        "name": "Forced Expiratory Volume In 1 Second (FEV1) Post-bronchodilator Zscore",
        "description": "Forced expiratory volume in 1 second (z-score) pre-bronchodilator",
        "exampleBoolean": false
      },
      {
        "extension": [
          {
            "url": "http://hl7.org/fhir/tools/StructureDefinition/resource-information",
            "valueString": "StructureDefinition:resource"
          }
        ],
        "reference": {
          "reference": "StructureDefinition/ForcedExpiratoryVolume1SecPostbronchodilator-mLChange"
        },
        "name": "Forced Expiratory Volume In 1 Second (FEV1) Post-bronchodilator mL Change",
        "description": "Forced expiratory volume in one second, mL change from pre-bronchodilator to post-bronchodilator",
        "exampleBoolean": false
      },
      {
        "extension": [
          {
            "url": "http://hl7.org/fhir/tools/StructureDefinition/resource-information",
            "valueString": "StructureDefinition:resource"
          }
        ],
        "reference": {
          "reference": "StructureDefinition/ForcedExpiratoryVolume1SecPreBronchodilator"
        },
        "name": "Forced Expiratory Volume In 1 Second (FEV1) Pre-bronchodilator",
        "description": "Forced expiratory volume in 1 second pre-bronchodilator",
        "exampleBoolean": false
      },
      {
        "extension": [
          {
            "url": "http://hl7.org/fhir/tools/StructureDefinition/resource-information",
            "valueString": "StructureDefinition:resource"
          }
        ],
        "reference": {
          "reference": "StructureDefinition/ForcedExpiratoryVolume1SecPreBronchodilator-PercentOfPredicted"
        },
        "name": "Forced Expiratory Volume In 1 Second (FEV1) Pre-bronchodilator Percent Of Predicted",
        "description": "Forced expiratory volume in 1 second (% pred) pre-bronchodilator",
        "exampleBoolean": false
      },
      {
        "extension": [
          {
            "url": "http://hl7.org/fhir/tools/StructureDefinition/resource-information",
            "valueString": "StructureDefinition:resource"
          }
        ],
        "reference": {
          "reference": "StructureDefinition/ForcedExpiratoryVolume1SecPreBronchodilator-Zscore"
        },
        "name": "Forced Expiratory Volume In 1 Second (FEV1) Pre-bronchodilator Zscore",
        "description": "Forced expiratory volume in 1 second (z-score) pre-bronchodilator",
        "exampleBoolean": false
      },
      {
        "extension": [
          {
            "url": "http://hl7.org/fhir/tools/StructureDefinition/resource-information",
            "valueString": "StructureDefinition:resource"
          }
        ],
        "reference": {
          "reference": "StructureDefinition/ForcedExpiratoryVolume1Sec-PercentOfPredicted"
        },
        "name": "Forced Expiratory Volume In 1 Second (FEV1) Percent Of Predicted",
        "description": "Forced expiratory volume in 1 second (% pred)",
        "exampleBoolean": false
      },
      {
        "extension": [
          {
            "url": "http://hl7.org/fhir/tools/StructureDefinition/resource-information",
            "valueString": "StructureDefinition:resource"
          }
        ],
        "reference": {
          "reference": "StructureDefinition/ForcedExpiratoryVolume1Sec-Zscore"
        },
        "name": "Forced Expiratory Volume In 1 Second (FEV1) Zscore",
        "description": "Forced expiratory volume in 1 second (z-score)",
        "exampleBoolean": false
      },
      {
        "extension": [
          {
            "url": "http://hl7.org/fhir/tools/StructureDefinition/resource-information",
            "valueString": "StructureDefinition:resource"
          }
        ],
        "reference": {
          "reference": "StructureDefinition/ForcedVitalCapacity"
        },
        "name": "Forced Vital Capacity (FVC)",
        "description": "Forced vital capacity (liters)",
        "exampleBoolean": false
      },
      {
        "extension": [
          {
            "url": "http://hl7.org/fhir/tools/StructureDefinition/resource-information",
            "valueString": "StructureDefinition:resource"
          }
        ],
        "reference": {
          "reference": "StructureDefinition/ForcedVitalCapacityPostBronchodilator"
        },
        "name": "Forced Vital Capacity (FVC) Post-bronchodilator",
        "description": "Forced vital capacity post-bronchodilator",
        "exampleBoolean": false
      },
      {
        "extension": [
          {
            "url": "http://hl7.org/fhir/tools/StructureDefinition/resource-information",
            "valueString": "StructureDefinition:resource"
          }
        ],
        "reference": {
          "reference": "StructureDefinition/ForcedVitalCapacityPostBronchodilator-PercentChange"
        },
        "name": "Forced Vital Capacity (FVC) Post-bronchodilator Percent Change",
        "description": "Forced vital capacity, post-bronchodilator change from pre-bronchodilator (%)",
        "exampleBoolean": false
      },
      {
        "extension": [
          {
            "url": "http://hl7.org/fhir/tools/StructureDefinition/resource-information",
            "valueString": "StructureDefinition:resource"
          }
        ],
        "reference": {
          "reference": "StructureDefinition/ForcedVitalCapacityPostBronchodilator-PercentOfPredicted"
        },
        "name": "Forced Vital Capacity (FVC) Post-bronchodilator Percent Of Predicted",
        "description": "Forced vital capacity (% pred) post-bronchodilator.",
        "exampleBoolean": false
      },
      {
        "extension": [
          {
            "url": "http://hl7.org/fhir/tools/StructureDefinition/resource-information",
            "valueString": "StructureDefinition:resource"
          }
        ],
        "reference": {
          "reference": "StructureDefinition/ForcedVitalCapacityPostBronchodilator-Zscore"
        },
        "name": "Forced Vital Capacity (FVC) Post-bronchodilator Zscore",
        "description": "Forced vital capacity (z-score) post-bronchodilator.",
        "exampleBoolean": false
      },
      {
        "extension": [
          {
            "url": "http://hl7.org/fhir/tools/StructureDefinition/resource-information",
            "valueString": "StructureDefinition:resource"
          }
        ],
        "reference": {
          "reference": "StructureDefinition/ForcedVitalCapacityPostBronchodilator-mLChange"
        },
        "name": "Forced Vital Capacity (FVC) Post-bronchodilator mL Change",
        "description": "Forced vital capacity, post-bronchodilator change from pre-bronchodilator (mL)",
        "exampleBoolean": false
      },
      {
        "extension": [
          {
            "url": "http://hl7.org/fhir/tools/StructureDefinition/resource-information",
            "valueString": "StructureDefinition:resource"
          }
        ],
        "reference": {
          "reference": "StructureDefinition/ForcedVitalCapacityPreBronchodilator"
        },
        "name": "Forced Vital Capacity (FVC) Pre-bronchodilator",
        "description": "Forced vital capacity (liters) pre-bronchodilator.",
        "exampleBoolean": false
      },
      {
        "extension": [
          {
            "url": "http://hl7.org/fhir/tools/StructureDefinition/resource-information",
            "valueString": "StructureDefinition:resource"
          }
        ],
        "reference": {
          "reference": "StructureDefinition/ForcedVitalCapacityPreBronchodilator-PercentOfPredicted"
        },
        "name": "Forced Vital Capacity (FVC) Pre-bronchodilator Percent Of Predicted",
        "description": "Forced vital capacity (% pred) pre-bronchodilator.",
        "exampleBoolean": false
      },
      {
        "extension": [
          {
            "url": "http://hl7.org/fhir/tools/StructureDefinition/resource-information",
            "valueString": "StructureDefinition:resource"
          }
        ],
        "reference": {
          "reference": "StructureDefinition/ForcedVitalCapacityPreBronchodilator-Zscore"
        },
        "name": "Forced Vital Capacity (FVC) Pre-bronchodilator Zscore",
        "description": "Forced vital capacity (z-score) pre-bronchodilator.",
        "exampleBoolean": false
      },
      {
        "extension": [
          {
            "url": "http://hl7.org/fhir/tools/StructureDefinition/resource-information",
            "valueString": "StructureDefinition:resource"
          }
        ],
        "reference": {
          "reference": "StructureDefinition/ForcedVitalCapacity-PercentOfPredicted"
        },
        "name": "Forced Vital Capacity (FVC) Percent Of Predicted",
        "description": "Forced vital capacity (% pred).",
        "exampleBoolean": false
      },
      {
        "extension": [
          {
            "url": "http://hl7.org/fhir/tools/StructureDefinition/resource-information",
            "valueString": "StructureDefinition:resource"
          }
        ],
        "reference": {
          "reference": "StructureDefinition/ForcedVitalCapacity-Zscore"
        },
        "name": "Forced Vital Capacity (FVC) Zscore",
        "description": "Forced vital capacity (z-score).",
        "exampleBoolean": false
      },
      {
        "extension": [
          {
            "url": "http://hl7.org/fhir/tools/StructureDefinition/resource-information",
            "valueString": "StructureDefinition:resource"
          }
        ],
        "reference": {
          "reference": "StructureDefinition/KCO"
        },
        "name": "KCO",
        "description": "A measurement of a carbon monoxide transfer coefficient, in mL/min/mmHg.\n\nAlso referred to as KCO or DLCO/VA.",
        "exampleBoolean": false
      },
      {
        "extension": [
          {
            "url": "http://hl7.org/fhir/tools/StructureDefinition/resource-information",
            "valueString": "StructureDefinition:resource"
          }
        ],
        "reference": {
          "reference": "StructureDefinition/KCOPostBronchodilator"
        },
        "name": "KCO Post-bronchodilator",
        "description": "Carbon monoxide transfer coefficient, post-bronchodilator. Note: also known as KCO or DLCO/VA.",
        "exampleBoolean": false
      },
      {
        "extension": [
          {
            "url": "http://hl7.org/fhir/tools/StructureDefinition/resource-information",
            "valueString": "StructureDefinition:resource"
          }
        ],
        "reference": {
          "reference": "StructureDefinition/KCOPostBronchodilator-PercentOfPredicted"
        },
        "name": "KCO Post-bronchodilator Percent Of Predicted",
        "description": "Carbon monoxide transfer coefficient (% predicted), post-bronchodilator. Note: also known as KCO or DLCO/VA.",
        "exampleBoolean": false
      },
      {
        "extension": [
          {
            "url": "http://hl7.org/fhir/tools/StructureDefinition/resource-information",
            "valueString": "StructureDefinition:resource"
          }
        ],
        "reference": {
          "reference": "StructureDefinition/KCOPostBronchodilator-Zscore"
        },
        "name": "KCO Post-bronchodilator Zscore",
        "description": "Carbon monoxide transfer coefficient post-bronchodilator z-score. Note: also known as KCO or DLCO/VA.",
        "exampleBoolean": false
      },
      {
        "extension": [
          {
            "url": "http://hl7.org/fhir/tools/StructureDefinition/resource-information",
            "valueString": "StructureDefinition:resource"
          }
        ],
        "reference": {
          "reference": "StructureDefinition/KCOPreBronchodilator"
        },
        "name": "KCO Pre-bronchodilator",
        "description": "A measurement of carbon monoxide transfer coefficient pre-bronchodilation, in mL/min/mmHg.\n\nAlso referred to as KCO or DLCO/VA.",
        "exampleBoolean": false
      },
      {
        "extension": [
          {
            "url": "http://hl7.org/fhir/tools/StructureDefinition/resource-information",
            "valueString": "StructureDefinition:resource"
          }
        ],
        "reference": {
          "reference": "StructureDefinition/KCOPreBronchodilator-PercentOfPredicted"
        },
        "name": "KCO Pre-bronchodilator Percent Of Predicted",
        "description": "Carbon monoxide transfer coefficient (% predicted), pre-bronchodilator. Note: also known as KCO or DLCO/VA.",
        "exampleBoolean": false
      },
      {
        "extension": [
          {
            "url": "http://hl7.org/fhir/tools/StructureDefinition/resource-information",
            "valueString": "StructureDefinition:resource"
          }
        ],
        "reference": {
          "reference": "StructureDefinition/KCOPreBronchodilator-Zscore"
        },
        "name": "KCO Pre-bronchodilator Zscore",
        "description": "Carbon monoxide transfer coefficient pre-bronchodilator z-score. Note: also known as KCO or DLCO/VA.",
        "exampleBoolean": false
      },
      {
        "extension": [
          {
            "url": "http://hl7.org/fhir/tools/StructureDefinition/resource-information",
            "valueString": "StructureDefinition:resource"
          }
        ],
        "reference": {
          "reference": "StructureDefinition/KCO-PercentOfPredicted"
        },
        "name": "KCO Percent Of Predicted",
        "description": "A measurement of carbon monoxide transfer coefficient as the percentage of some predicted reference value.",
        "exampleBoolean": false
      },
      {
        "extension": [
          {
            "url": "http://hl7.org/fhir/tools/StructureDefinition/resource-information",
            "valueString": "StructureDefinition:resource"
          }
        ],
        "reference": {
          "reference": "StructureDefinition/KCO-Zscore"
        },
        "name": "KCO Zscore",
        "description": "The z-score of a carbon monoxide transfer coefficient measurement, calculated from some reference distribution.",
        "exampleBoolean": false
      },
      {
        "extension": [
          {
            "url": "http://hl7.org/fhir/tools/StructureDefinition/resource-information",
            "valueString": "StructureDefinition:resource"
          }
        ],
        "reference": {
          "reference": "StructureDefinition/PulmonaryFunctionTestDiagnosticReport"
        },
        "name": "Pulmonary Function Test (PFT) Diagnostic Report",
        "description": "Diagnostic report for a pulmonary function test.",
        "exampleBoolean": false
      },
      {
        "extension": [
          {
            "url": "http://hl7.org/fhir/tools/StructureDefinition/resource-information",
            "valueString": "StructureDefinition:resource"
          }
        ],
        "reference": {
          "reference": "StructureDefinition/SPO2AtRest"
        },
        "name": "SpO2 at rest",
        "description": "A measurement of oxygen saturation in arterial blood taken by pulse oximetry, with the patient at rest.",
        "exampleBoolean": false
      },
      {
        "extension": [
          {
            "url": "http://hl7.org/fhir/tools/StructureDefinition/resource-information",
            "valueString": "StructureDefinition:resource"
          }
        ],
        "reference": {
          "reference": "StructureDefinition/TotalLungCapacityByHeliumSingleBreath"
        },
        "name": "Total Lung Capacity By Helium Single Breath (TLC_sb)",
        "description": "A measurement of total lung capacity by helium, single breath, in liters.",
        "exampleBoolean": false
      },
      {
        "extension": [
          {
            "url": "http://hl7.org/fhir/tools/StructureDefinition/resource-information",
            "valueString": "StructureDefinition:resource"
          }
        ],
        "reference": {
          "reference": "StructureDefinition/VI-over-VC"
        },
        "name": "VI/VC",
        "description": "Inspired volume (V_I) as a percentage of vital capacity (V_C).",
        "exampleBoolean": false
      },
      {
        "extension": [
          {
            "url": "http://hl7.org/fhir/tools/StructureDefinition/resource-information",
            "valueString": "Observation"
          }
        ],
        "reference": {
          "reference": "Observation/FVC-POST"
        },
        "name": "FVC (L) post-bronchodilator",
        "description": "An example Observation resource for forced vital capacity volume, post-bronchodilator.",
        "exampleBoolean": true
      },
      {
        "extension": [
          {
            "url": "http://hl7.org/fhir/tools/StructureDefinition/resource-information",
            "valueString": "Observation"
          }
        ],
        "reference": {
          "reference": "Observation/FVC-POST-Zscore"
        },
        "name": "FVC z-score post-bronchodilator",
        "description": "An example Observation resource for forced vital capacity z-score, post-bronchodilator.",
        "exampleBoolean": true
      },
      {
        "extension": [
          {
            "url": "http://hl7.org/fhir/tools/StructureDefinition/resource-information",
            "valueString": "Observation"
          }
        ],
        "reference": {
          "reference": "Observation/FVC-POST-mLChange"
        },
        "name": "FVC post-bronchodilator, change from pre-bronchodilator (mL)",
        "description": "An example Observation resource for the volume change in forced vital capacity volume, from pre-bronchodilator to post-bronchodilator.",
        "exampleBoolean": true
      },
      {
        "extension": [
          {
            "url": "http://hl7.org/fhir/tools/StructureDefinition/resource-information",
            "valueString": "Observation"
          }
        ],
        "reference": {
          "reference": "Observation/FVC-POST-percentPredicted"
        },
        "name": "FVC post-bronchodilator, % of predicted value",
        "description": "An example Observation resource for forced vital capacity measured/predicted, post-bronchodilator.",
        "exampleBoolean": true
      },
      {
        "extension": [
          {
            "url": "http://hl7.org/fhir/tools/StructureDefinition/resource-information",
            "valueString": "Observation"
          }
        ],
        "reference": {
          "reference": "Observation/FVC-PRE"
        },
        "name": "FVC (L) pre-bronchodilator",
        "description": "An example Observation resource for forced vital capacity volume, pre-bronchodilator.",
        "exampleBoolean": true
      },
      {
        "extension": [
          {
            "url": "http://hl7.org/fhir/tools/StructureDefinition/resource-information",
            "valueString": "Observation"
          }
        ],
        "reference": {
          "reference": "Observation/FVC-PRE-Zscore"
        },
        "name": "FVC z-score pre-bronchodilator",
        "description": "An example Observation resource for forced vital capacity z-score, pre-bronchodilator.",
        "exampleBoolean": true
      },
      {
        "extension": [
          {
            "url": "http://hl7.org/fhir/tools/StructureDefinition/resource-information",
            "valueString": "Observation"
          }
        ],
        "reference": {
          "reference": "Observation/FVC-PRE-percentPredicted"
        },
        "name": "FVC pre-bronchodilator, % of predicted value",
        "description": "An example Observation resource for forced vital capacity measured/predicted, pre-bronchodilator.",
        "exampleBoolean": true
      },
      {
        "extension": [
          {
            "url": "http://hl7.org/fhir/tools/StructureDefinition/resource-information",
            "valueString": "Observation"
          }
        ],
        "reference": {
          "reference": "Observation/FVC-PREREF-predicted"
        },
        "name": "FVC (L) pre-bronchodilator reference value",
        "description": "An example of using Observation to include a forced vital capacity reference value.",
        "exampleBoolean": true
      },
      {
        "extension": [
          {
            "url": "http://hl7.org/fhir/tools/StructureDefinition/resource-information",
            "valueString": "Observation"
          }
        ],
        "reference": {
          "reference": "Observation/FVC-post-percentChange"
        },
        "name": "FVC post-bronchodilator, change from pre-bronchodilator (%)",
        "description": "An example Observation resource for the percent change in forced vital capacity volume, from pre-bronchodilator to post-bronchodilator.",
        "exampleBoolean": true
      },
      {
        "extension": [
          {
            "url": "http://hl7.org/fhir/tools/StructureDefinition/resource-information",
            "valueString": "DiagnosticReport"
          }
        ],
        "reference": {
          "reference": "DiagnosticReport/diagnostic-report"
        },
        "name": "PFT DiagnosticReport",
        "description": "An example of how a DiagnosticReport for a PFT may be constructed.",
        "exampleBoolean": true
      },
      {
        "extension": [
          {
            "url": "http://hl7.org/fhir/tools/StructureDefinition/resource-information",
            "valueString": "Bundle"
          }
        ],
        "reference": {
          "reference": "Bundle/pft-bundle"
        },
        "name": "PFT Bundle",
        "description": "An example resource demonstrating how all the PFT resources are included in a Bundle.",
        "exampleBoolean": true
      },
      {
        "extension": [
          {
            "url": "http://hl7.org/fhir/tools/StructureDefinition/resource-information",
            "valueString": "Composition"
          }
        ],
        "reference": {
          "reference": "Composition/pft-composition"
        },
        "name": "PFT Composition",
        "description": "An example of how a Composition may be used to create a coherent human-readable document for a PFT, including Observations, the technician's comments, and the pulmonologist's interpretation.",
        "exampleBoolean": true
      }
    ],
    "page": {
      "nameUrl": "toc.html",
      "title": "Table of Contents",
      "generation": "html",
      "page": [
        {
          "nameUrl": "index.html",
          "title": "Home",
          "generation": "markdown"
        },
        {
          "nameUrl": "coding-gaps.html",
          "title": "Coding Gaps",
          "generation": "markdown"
        }
      ]
    },
    "parameter": [
      {
        "code": "path-resource",
        "value": "input/capabilities"
      },
      {
        "code": "path-resource",
        "value": "input/examples"
      },
      {
        "code": "path-resource",
        "value": "input/extensions"
      },
      {
        "code": "path-resource",
        "value": "input/models"
      },
      {
        "code": "path-resource",
        "value": "input/operations"
      },
      {
        "code": "path-resource",
        "value": "input/profiles"
      },
      {
        "code": "path-resource",
        "value": "input/resources"
      },
      {
        "code": "path-resource",
        "value": "input/vocabulary"
      },
      {
        "code": "path-resource",
        "value": "input/maps"
      },
      {
        "code": "path-resource",
        "value": "input/testing"
      },
      {
        "code": "path-resource",
        "value": "input/history"
      },
      {
        "code": "path-resource",
        "value": "fsh-generated/resources"
      },
      {
        "code": "path-pages",
        "value": "template/config"
      },
      {
        "code": "path-pages",
        "value": "input/images"
      },
      {
        "code": "path-tx-cache",
        "value": "input-cache/txcache"
      }
    ]
  }
}