{
  "resourceType": "Observation",
  "id": "FVC-POST",
  "text": {
    "status": "generated",
    "div": "<div xmlns=\"http://www.w3.org/1999/xhtml\"><p><b>Generated Narrative</b></p><p></p><p><b>code</b>: <span title=\"Codes: {http://loinc.org 19874-7}\">Forced vital capacity [Volume] Respiratory system by Spirometry --post bronchodilation</span></p><p><b>value</b>: 4.7 L</p><h3>ReferenceRanges</h3><table class=\"grid\"><tr><td>-</td><td><b>Low</b></td><td><b>Type</b></td></tr><tr><td>*</td><td>3.7 L</td><td><span title=\"Codes: \">FVC normal bounds</span></td></tr></table></div>"
  },
  "status": "final",
  "code": {
    "coding": [
      {
        "system": "http://loinc.org",
        "code": "19874-7",
        "display": "Forced vital capacity [Volume] Respiratory system by Spirometry --post bronchodilation"
      }
    ]
  },
  "valueQuantity": {
    "value": 4.7,
    "unit": "L",
    "system": "http://unitsofmeasure.org",
    "code": "L"
  },
  "referenceRange": [
    {
      "low": {
        "value": 3.7,
        "unit": "L",
        "system": "http://unitsofmeasure.org",
        "code": "L"
      },
      "type": {
        "text": "FVC normal bounds"
      }
    }
  ]
}